name,email
,heidi3_0@gmail.com
grace3_1,grace3_1@college.edu
carol3_2,carol3_2@college.edu
heidi3_3,heidi3_3@gmail.com
erin3_4,erin3_4@college.edu
dave3_5,dave3_5@gmail.com
erin3_6,erin3_6@example.com
frank3_7,frank3_7@college.edu
carol3_8,carol3_8[at]gmail.com
dave3_9,dave3_9@example.com
frank3_10,frank3_10@college.edu
alice3_11,alice3_11@example.com
grace3_12,grace3_12@college.edu
alice3_13,alice3_13@college.edu
alice3_14,alice3_14@gmail.com
grace3_15,grace3_15@gmail.com
dave3_16,dave3_16@gmail.com
grace3_17,grace3_17@gmail.com
,frank3_18@college.edu
heidi3_19,heidi3_19[at]college.edu
grace3_20,grace3_20@college.edu
alice3_21,alice3_21@example.com
carol3_22,carol3_22@gmail.com
,erin3_23@gmail.com
frank3_24,frank3_24@gmail.com
grace3_25,grace3_25@gmail.com
grace3_26,grace3_26@gmail.com
heidi3_27,heidi3_27@example.com
alice3_28,alice3_28@gmail.com
bob3_29,bob3_29@college.edu
alice3_30,alice3_30[at]example.com
carol3_31,carol3_31@example.com
bob3_32,bob3_32[at]gmail.com
frank3_33,frank3_33@example.com
bob3_34,bob3_34@example.com
bob3_35,bob3_35@college.edu
,erin3_36@gmail.com
dave3_37,dave3_37@example.com
dave3_38,dave3_38@example.com
erin3_39,erin3_39@college.edu
bob3_40,bob3_40@college.edu
frank3_41,frank3_41@college.edu
frank3_42,frank3_42@example.com
frank3_43,frank3_43@example.com
heidi3_44,heidi3_44@example.com
frank3_45,frank3_45@college.edu
heidi3_46,heidi3_46@college.edu
,carol3_47@college.edu
heidi3_48,heidi3_48@gmail.com
erin3_49,erin3_49@gmail.com
